countInstances;loadingTime;inferenceTime;totalTime
1012500;0.11024355888366699;0.11137080192565918;0.22161436080932617
2025000;0.3258652687072754;0.49461841583251953;0.8204836845397949
3037500;1.2158212661743164;0.5705437660217285;1.786365032196045
4050000;1.4645040035247803;0.6515011787414551;2.1160051822662354
5062500;1.659449577331543;0.7429986000061035;2.4024481773376465
6075000;1.8248591423034668;0.8204042911529541;2.645263433456421
7087500;1.9935581684112549;0.906294584274292;2.899852752685547
8100000;2.110649347305298;0.9938681125640869;3.1045174598693848
9112500;2.238727331161499;1.0774211883544922;3.316148519515991
10125000;2.3681118488311768;1.164973258972168;3.5330851078033447
11137500;2.4980528354644775;1.2446560859680176;3.742708921432495
12150000;2.62735915184021;1.3296620845794678;3.9570212364196777
13162500;2.748624086380005;1.4110400676727295;4.159664154052734
14175000;2.8637382984161377;1.4912021160125732;4.354940414428711
15187500;2.986406087875366;1.5735766887664795;4.559982776641846
16200000;3.1220180988311768;1.6615831851959229;4.7836012840271
17212500;3.2498278617858887;1.7393972873687744;4.989225149154663
18225000;3.9292643070220947;1.8208849430084229;5.750149250030518
19237500;4.443140745162964;1.9033565521240234;6.346497297286987
20250000;4.572168588638306;1.9852049350738525;6.557373523712158
21262500;4.917768478393555;2.0678608417510986;6.985629320144653
22275000;5.623937129974365;2.1550540924072266;7.778991222381592
23287500;6.271380186080933;2.2448830604553223;8.516263246536255
24300000;6.968450307846069;2.343231201171875;9.311681509017944
25312500;7.467893362045288;2.428082227706909;9.895975589752197
26325000;8.063971757888794;2.5143728256225586;10.578344583511353
27337500;8.768783569335938;2.5988194942474365;11.367603063583374
28350000;9.336231708526611;2.6869969367980957;12.023228645324707
29362500;9.815170049667358;2.774841785430908;12.590011835098267
30375000;10.563329935073853;2.866827964782715;13.430157899856567
31387500;11.049629926681519;2.9550065994262695;14.004636526107788
32400000;11.974559783935547;3.038119316101074;15.012679100036621
33412500;12.728749513626099;3.1270225048065186;15.855772018432617
34425000;13.415516376495361;3.211923360824585;16.627439737319946
35437500;14.370415449142456;3.2943990230560303;17.664814472198486
36450000;14.948925971984863;3.3758544921875;18.324780464172363
37462500;15.403273105621338;3.468719005584717;18.871992111206055
38475000;16.13402247428894;3.55269455909729;19.68671703338623
39487500;16.657557010650635;3.6349937915802;20.292550802230835
40500000;17.478463649749756;3.7193403244018555;21.19780397415161
41512500;18.236611366271973;3.802523612976074;22.039134979248047
42525000;18.716684103012085;3.8977694511413574;22.614453554153442
43537500;19.386332273483276;3.988665819168091;23.374998092651367
44550000;19.929095029830933;4.080083608627319;24.009178638458252
45562500;20.41474413871765;4.174962043762207;24.58970618247986
46575000;20.86702561378479;4.259889125823975;25.126914739608765
47587500;21.27805519104004;4.350135803222656;25.628190994262695
48600000;21.746487379074097;4.439414978027344;26.18590235710144
49612500;22.224860906600952;4.530126333236694;26.754987239837646
50625000;23.05254364013672;4.621472597122192;27.67401623725891
51637500;23.60077166557312;4.718728542327881;28.319500207901
52650000;24.105489253997803;4.812468528747559;28.91795778274536
53662500;24.639195442199707;4.89667272567749;29.535868167877197
54675000;25.08703303337097;4.98735785484314;30.07439088821411
55687500;25.59471106529236;5.0776307582855225;30.67234182357788
56700000;26.45421528816223;5.164849519729614;31.619064807891846
57712500;27.128393411636353;5.251885652542114;32.38027906417847
58725000;27.595378875732422;5.354277849197388;32.94965672492981
59737500;28.11073613166809;5.434815168380737;33.54555130004883
60750000;28.943362712860107;5.522809743881226;34.46617245674133
61762500;29.87879705429077;5.625195026397705;35.50399208068848
62775000;30.59972596168518;5.7089293003082275;36.30865526199341
63787500;31.133930683135986;5.792816877365112;36.9267475605011
64800000;32.018067836761475;5.877284526824951;37.895352363586426
65812500;32.5260169506073;5.959941625595093;38.48595857620239
66825000;33.03573298454285;6.045199632644653;39.0809326171875
67837500;33.56107473373413;6.130262613296509;39.69133734703064
68850000;34.07033038139343;6.216753721237183;40.287084102630615
69862500;34.74064111709595;6.302888631820679;41.043529748916626
70875000;35.290196895599365;6.385088682174683;41.67528557777405
71887500;36.11488342285156;6.470983982086182;42.585867404937744
72900000;36.751713037490845;6.561216115951538;43.31292915344238
73912500;37.40204358100891;6.641464471817017;44.04350805282593
74925000;38.074891567230225;6.726557731628418;44.80144929885864
75937500;38.67140460014343;6.8094377517700195;45.48084235191345
76950000;39.16619563102722;6.8893749713897705;46.05557060241699
77962500;39.652533531188965;6.9794533252716064;46.63198685646057
78975000;40.369096755981445;7.062728404998779;47.431825160980225
79987500;40.87027668952942;7.146561622619629;48.01683831214905
81000000;41.67706322669983;7.232067584991455;48.909130811691284
82012500;42.1731641292572;7.318063020706177;49.49122714996338
83025000;42.8271689414978;7.399611949920654;50.22678089141846
84037500;43.33864641189575;7.486168622970581;50.82481503486633
85050000;44.03243851661682;7.5701398849487305;51.60257840156555
86062500;44.635205030441284;7.66018271446228;52.295387744903564
87075000;45.155468225479126;7.7467570304870605;52.90222525596619
88087500;45.856844902038574;7.835221767425537;53.69206666946411
89100000;46.77909207344055;7.926337480545044;54.705429553985596
90112500;47.700764894485474;8.012474298477173;55.71323919296265
91125000;48.33901333808899;8.098945140838623;56.43795847892761
92137500;48.84621572494507;8.186975240707397;57.033190965652466
93150000;49.33316946029663;8.273195743560791;57.60636520385742
94162500;50.116599798202515;8.361162424087524;58.47776222229004
95175000;50.703725814819336;8.445531606674194;59.14925742149353
96187500;51.21510720252991;8.532803058624268;59.747910261154175
97200000;51.698575258255005;8.62373685836792;60.322312116622925
98212500;52.43425488471985;8.708674907684326;61.142929792404175
99225000;52.97453832626343;8.793980598449707;61.768518924713135
100237500;53.55846071243286;8.879238367080688;62.43769907951355
101250000;54.06660485267639;8.965529203414917;63.03213405609131
102262500;54.56576704978943;9.0526762008667;63.61844325065613
103275000;55.33620238304138;9.141108512878418;64.4773108959198
104287500;56.008668422698975;9.232506275177002;65.24117469787598
105300000;56.6124804019928;9.317679405212402;65.9301598072052
106312500;57.358628034591675;9.403433084487915;66.76206111907959
107325000;57.82980918884277;9.497484922409058;67.32729411125183
108337500;58.597517013549805;9.58253812789917;68.18005514144897
109350000;59.27683711051941;9.672070980072021;68.94890809059143
110362500;60.03024625778198;9.75762152671814;69.78786778450012
111375000;60.730249881744385;9.84195065498352;70.5722005367279
112387500;61.43698716163635;9.924324750900269;71.36131191253662
113400000;61.915605306625366;10.00711178779602;71.92271709442139
114412500;62.336488008499146;10.086621522903442;72.42310953140259
115425000;63.51105618476868;10.169151067733765;73.68020725250244
116437500;63.99700975418091;10.251839399337769;74.24884915351868
117450000;64.42787957191467;10.335015296936035;74.76289486885071
118462500;64.87666916847229;10.41747760772705;75.29414677619934
119475000;65.71054649353027;10.507538318634033;76.2180848121643
120487500;66.4071717262268;10.592798709869385;76.99997043609619
121500000;66.9790050983429;10.677130460739136;77.65613555908203
122512500;67.55670523643494;10.763747215270996;78.32045245170593
123525000;69.58569288253784;10.855046272277832;80.44073915481567
124537500;70.4067485332489;10.94265866279602;81.34940719604492
125550000;71.09628534317017;11.02643346786499;82.12271881103516
126562500;71.81237030029297;11.11348843574524;82.92585873603821
127575000;72.5429630279541;11.198752641677856;83.74171566963196
128587500;73.11630249023438;11.283445358276367;84.39974784851074
129600000;73.66186308860779;11.371072769165039;85.03293585777283
130612500;74.39988207817078;11.455825805664062;85.85570788383484
131625000;74.93009185791016;11.541244983673096;86.47133684158325
132637500;75.37601780891418;11.631775379180908;87.00779318809509
133650000;75.89026665687561;11.713332414627075;87.60359907150269
134662500;76.46568489074707;11.803265810012817;88.26895070075989
135675000;76.95502090454102;11.897534847259521;88.85255575180054
136687500;77.45082926750183;11.985255241394043;89.43608450889587
137700000;77.96789693832397;12.075509309768677;90.04340624809265
138712500;78.47897815704346;12.167684555053711;90.64666271209717
139725000;79.10948538780212;12.257758140563965;91.36724352836609
140737500;79.73808193206787;12.34376072883606;92.08184266090393
141750000;80.46190309524536;12.431711673736572;92.89361476898193
142762500;80.98488259315491;12.521584033966064;93.50646662712097
143775000;81.52052164077759;12.607750177383423;94.12827181816101
144787500;82.18830156326294;12.693156719207764;94.8814582824707
145800000;82.681223154068;12.779676914215088;95.46090006828308
146812500;83.25419616699219;12.866958379745483;96.12115454673767
147825000;84.16420221328735;12.952576398849487;97.11677861213684
148837500;84.62605500221252;13.04133129119873;97.66738629341125
149850000;85.33688831329346;13.125303506851196;98.46219182014465
150862500;86.02705025672913;13.212007999420166;99.23905825614929
151875000;86.80639219284058;13.298527002334595;100.10491919517517
152887500;87.35877990722656;13.382640600204468;100.74142050743103
153900000;87.85865902900696;13.472732067108154;101.33139109611511
154912500;88.35837864875793;13.558776140213013;101.91715478897095
155925000;88.90864992141724;13.6458261013031;102.55447602272034
156937500;89.91172051429749;13.72691798210144;103.63863849639893
157950000;90.73282742500305;13.817218542098999;104.55004596710205
158962500;91.46973633766174;13.901768684387207;105.37150502204895
159975000;91.99954533576965;13.990988731384277;105.99053406715393
160987500;92.72203087806702;14.076608180999756;106.79863905906677
162000000;93.3663969039917;14.158361911773682;107.52475881576538
163012500;94.14583110809326;14.246564149856567;108.39239525794983
164025000;94.77687454223633;14.330689191818237;109.10756373405457
165037500;95.4341504573822;14.41577935218811;109.84992980957031
166050000;96.05780696868896;14.505314588546753;110.56312155723572
167062500;96.57628798484802;14.591484785079956;111.16777276992798
168075000;97.18245077133179;14.674927234649658;111.85737800598145
169087500;97.82753729820251;14.757907629013062;112.58544492721558
170100000;98.412353515625;14.848955154418945;113.26130867004395
171112500;99.08569812774658;14.934078454971313;114.0197765827179
172125000;99.7293632030487;15.019511938095093;114.7488751411438
173137500;100.2544801235199;15.10702919960022;115.36150932312012
174150000;100.94653677940369;15.197471618652344;116.14400839805603
175162500;101.55704665184021;15.277494192123413;116.83454084396362
176175000;102.50639963150024;15.36260199546814;117.86900162696838
177187500;103.04541635513306;15.445495367050171;118.49091172218323
178200000;103.67264175415039;15.530690670013428;119.20333242416382
179212500;104.1233229637146;15.61610460281372;119.73942756652832
180225000;104.74877309799194;15.703218698501587;120.45199179649353
181237500;105.33913040161133;15.785738229751587;121.12486863136292
182250000;105.89660263061523;15.869207859039307;121.76581048965454
183262500;106.40112519264221;15.954270839691162;122.35539603233337
184275000;107.05278706550598;16.035309314727783;123.08809638023376
185287500;107.91400814056396;16.121647119522095;124.03565526008606
186300000;108.56898403167725;16.204035758972168;124.77301979064941
187312500;109.34389281272888;16.28538727760315;125.62928009033203
188325000;109.86673784255981;16.367231130599976;126.23396897315979
189337500;110.62713956832886;16.455831050872803;127.08297061920166
190350000;111.14716601371765;16.541160583496094;127.68832659721375
191362500;111.75183916091919;16.622576475143433;128.37441563606262
192375000;112.1712121963501;16.70572066307068;128.87693285942078
193387500;112.69485449790955;16.787776708602905;129.48263120651245
194400000;113.29008054733276;16.87526822090149;130.16534876823425
195412500;113.90345072746277;16.958173751831055;130.86162447929382
196425000;114.37924933433533;17.042895317077637;131.42214465141296
197437500;115.00805497169495;17.135803937911987;132.14385890960693
198450000;115.56546330451965;17.2200448513031;132.78550815582275
199462500;116.2719292640686;17.304499626159668;133.57642889022827
200475000;117.15942096710205;17.385886907577515;134.54530787467957
201487500;117.7483594417572;17.474866151809692;135.2232255935669
202500000;118.40102481842041;17.57332992553711;135.97435474395752
203512500;119.05924868583679;17.6556499004364;136.7148985862732
204525000;119.59053540229797;17.741580724716187;137.33211612701416
205537500;120.2913281917572;17.827005624771118;138.11833381652832
206550000;121.03422141075134;17.91349220275879;138.94771361351013
207562500;121.45933890342712;17.99978470802307;139.4591236114502
208575000;122.04934692382812;18.086381673812866;140.135728597641
209587500;122.79012274742126;18.175262451171875;140.96538519859314
210600000;123.34583616256714;18.263773679733276;141.60960984230042
211612500;124.06651520729065;18.349340438842773;142.41585564613342
212625000;124.54517221450806;18.43225359916687;142.97742581367493
213637500;125.0338659286499;18.520257472991943;143.55412340164185
214650000;125.57979941368103;18.608900547027588;144.18869996070862
215662500;126.15615153312683;18.694398164749146;144.85054969787598
216675000;126.79004287719727;18.7804536819458;145.57049655914307
217687500;127.33714532852173;18.868664979934692;146.20581030845642
218700000;128.05869793891907;18.95827341079712;147.0169713497162
219712500;128.66351199150085;19.0446560382843;147.70816802978516
220725000;129.20939874649048;19.13476872444153;148.344167470932
221737500;129.71738076210022;19.2254958152771;148.94287657737732
222750000;130.29230093955994;19.315873622894287;149.60817456245422
223762500;130.82044315338135;19.402469635009766;150.2229127883911
224775000;131.3477647304535;19.489647150039673;150.83741188049316
225787500;131.92619729042053;19.579230308532715;151.50542759895325
226800000;132.5852553844452;19.667547464370728;152.25280284881592
227812500;133.20390939712524;19.750784397125244;152.9546937942505
228825000;133.7475037574768;19.833308219909668;153.58081197738647
229837500;134.31306076049805;19.915016889572144;154.2280776500702
230850000;135.00154280662537;20.000525951385498;155.00206875801086
231862500;135.56293082237244;20.08184313774109;155.64477396011353
232875000;136.26467037200928;20.168959617614746;156.43362998962402
233887500;136.86334109306335;20.253000259399414;157.11634135246277
234900000;137.51093077659607;20.337257146835327;157.8481879234314
235912500;138.36595129966736;20.42177724838257;158.78772854804993
236925000;138.86107230186462;20.50453495979309;159.36560726165771
237937500;139.476704120636;20.58702564239502;160.063729763031
238950000;140.0962359905243;20.67237091064453;160.76860690116882
239962500;140.68194150924683;20.75588083267212;161.43782234191895
240975000;141.16633224487305;20.84461498260498;162.01094722747803
241987500;141.72393894195557;20.92736315727234;162.6513020992279
243000000;142.5141224861145;21.01189374923706;163.52601623535156
244012500;142.93270301818848;21.09683060646057;164.02953362464905
245025000;143.4011993408203;21.180044412612915;164.58124375343323
246037500;144.18668723106384;21.265121936798096;165.45180916786194
247050000;144.77225923538208;21.351550817489624;166.1238100528717
248062500;145.66200852394104;21.438655614852905;167.10066413879395
249075000;146.39269280433655;21.52268147468567;167.91537427902222
250087500;146.9718644618988;21.605337858200073;168.57720232009888
251100000;147.62858414649963;21.68981623649597;169.3184003829956
252112500;148.13760781288147;21.77332067489624;169.9109284877777
253125000;148.73616409301758;21.872007846832275;170.60817193984985
254137500;149.1875021457672;21.958855867385864;171.14635801315308
255150000;149.67272567749023;22.04450535774231;171.71723103523254
256162500;150.18564319610596;22.13048481941223;172.3161280155182
257175000;150.70035600662231;22.21439480781555;172.91475081443787
258187500;151.40177583694458;22.29837989807129;173.70015573501587
259200000;152.07010078430176;22.382115840911865;174.45221662521362
260212500;152.53602170944214;22.468685388565063;175.0047070980072
261225000;153.33988523483276;22.554240942001343;175.8941261768341
262237500;154.08769989013672;22.63959240913391;176.72729229927063
263250000;154.86484599113464;22.724501132965088;177.58934712409973
264262500;155.43619418144226;22.810461044311523;178.24665522575378
265275000;156.36173915863037;22.896650552749634;179.25838971138
266287500;156.90274357795715;22.9827823638916;179.88552594184875
267300000;157.7450590133667;23.07112979888916;180.81618881225586
268312500;158.51437544822693;23.15369462966919;181.66807007789612
269325000;159.0761079788208;23.239547729492188;182.315655708313
270337500;159.84943199157715;23.324538469314575;183.17397046089172
271350000;160.52821278572083;23.413747310638428;183.94196009635925
272362500;160.96854090690613;23.500613689422607;184.46915459632874
273375000;161.62112665176392;23.586221933364868;185.20734858512878
274387500;162.53902983665466;23.675248861312866;186.21427869796753
275400000;163.2673819065094;23.765987157821655;187.03336906433105
276412500;163.8840618133545;23.851778984069824;187.73584079742432
277425000;164.49743461608887;23.936323881149292;188.43375849723816
278437500;165.0713131427765;24.018523931503296;189.08983707427979
279450000;165.80507922172546;24.099499702453613;189.90457892417908
280462500;166.4444546699524;24.184821605682373;190.62927627563477
281475000;167.00899624824524;24.268274307250977;191.27727055549622
282487500;167.77628183364868;24.35410714149475;192.13038897514343
283500000;168.34749960899353;24.43646001815796;192.7839596271515
284512500;169.18161416053772;24.526127576828003;193.70774173736572
285525000;169.92133498191833;24.606812000274658;194.528146982193
286537500;170.43636083602905;24.69187021255493;195.12823104858398
287550000;170.86789679527283;24.7817542552948;195.64965105056763
288562500;171.37854766845703;24.87031054496765;196.24885821342468
289575000;171.91749930381775;24.95828342437744;196.8757827281952
290587500;172.90691995620728;25.043724536895752;197.95064449310303
291600000;173.46036028862;25.129553079605103;198.5899133682251
292612500;174.22303867340088;25.215999603271484;199.43903827667236
293625000;175.0942840576172;25.300233840942383;200.39451789855957
294637500;175.59232306480408;25.3984694480896;200.99079251289368
295650000;176.35503816604614;25.482011318206787;201.83704948425293
296662500;176.96902203559875;25.573129177093506;202.54215121269226
297675000;177.6393051147461;25.65864396095276;203.29794907569885
298687500;178.10312938690186;25.74506711959839;203.84819650650024
299700000;178.85192275047302;25.84297800064087;204.6949007511139
300712500;179.44066643714905;25.9327232837677;205.37338972091675
301725000;179.9923198223114;26.02595281600952;206.01827263832092
302737500;180.46345138549805;26.119423389434814;206.58287477493286
303750000;180.99053978919983;26.212347269058228;207.20288705825806
304762500;181.4516384601593;26.299147367477417;207.75078582763672
305775000;182.20846796035767;26.392696857452393;208.60116481781006
306787500;182.7944416999817;26.483972311019897;209.2784140110016
307800000;183.40472054481506;26.572368621826172;209.97708916664124
308812500;183.80472612380981;26.658228874206543;210.46295499801636
309825000;184.3140184879303;26.74667453765869;211.060693025589
310837500;184.81987643241882;26.82938289642334;211.64925932884216
311850000;185.283132314682;26.91942548751831;212.20255780220032
312862500;185.67137932777405;27.010396718978882;212.68177604675293
313875000;186.19820713996887;27.101512908935547;213.29972004890442
314887500;186.6421022415161;27.190062284469604;213.83216452598572
315900000;187.115487575531;27.27220368385315;214.38769125938416
316912500;187.7185275554657;27.359850645065308;215.078378200531
317925000;188.25359106063843;27.443989038467407;215.69758009910583
318937500;189.0097575187683;27.532346487045288;216.5421040058136
319950000;189.7193558216095;27.620070934295654;217.33942675590515
320962500;190.2796597480774;27.70554804801941;217.9852077960968
321975000;190.958984375;27.79572558403015;218.75470995903015
322987500;191.37358045578003;27.87893557548523;219.25251603126526
324000000;191.91053247451782;27.96580958366394;219.87634205818176
325012500;192.43707728385925;28.048412799835205;220.48549008369446
326025000;193.148699760437;28.13383960723877;221.28253936767578
327037500;193.75618147850037;28.22364115715027;221.97982263565063
328050000;194.54327702522278;28.315144777297974;222.85842180252075
329062500;195.1712064743042;28.40060782432556;223.57181429862976
330075000;195.66477465629578;28.483461618423462;224.14823627471924
331087500;196.4234004020691;28.572129726409912;224.995530128479
332100000;197.27969789505005;28.660731554031372;225.94042944908142
333112500;198.2414309978485;28.747045040130615;226.98847603797913
334125000;198.9309310913086;28.82725977897644;227.75819087028503
335137500;199.4865334033966;28.907309532165527;228.39384293556213
336150000;200.16522550582886;28.99197745323181;229.15720295906067
337162500;200.8552005290985;29.08206582069397;229.93726634979248
338175000;201.5050344467163;29.16719627380371;230.67223072052002
339187500;202.1228711605072;29.248756408691406;231.3716275691986
340200000;202.59944415092468;29.336410760879517;231.9358549118042
341212500;203.3321671485901;29.42147994041443;232.75364708900452
342225000;203.82650351524353;29.511019468307495;233.33752298355103
343237500;204.36661958694458;29.5935537815094;233.96017336845398
344250000;205.1393747329712;29.675539016723633;234.81491374969482
345262500;205.73696184158325;29.760698318481445;235.4976601600647
346275000;206.3176896572113;29.846201419830322;236.16389107704163
347287500;206.86175537109375;29.932610273361206;236.79436564445496
348300000;207.54253339767456;30.018698930740356;237.56123232841492
349312500;208.0925853252411;30.114226579666138;238.20681190490723
350325000;208.73260498046875;30.200759887695312;238.93336486816406
351337500;209.28676080703735;30.289987325668335;239.5767481327057
352350000;209.8384907245636;30.3839910030365;240.2224817276001
353362500;210.5374083518982;30.47011661529541;241.0075249671936
354375000;211.13436460494995;30.55353355407715;241.6878981590271
355387500;211.69854521751404;30.640735626220703;242.33928084373474
356400000;212.45609307289124;30.731908321380615;243.18800139427185
357412500;213.01345467567444;30.81749153137207;243.8309462070465
358425000;213.6512176990509;30.902092456817627;244.55331015586853
359437500;214.41041922569275;30.987351894378662;245.3977711200714
360450000;215.17457151412964;31.073837995529175;246.2484095096588
361462500;215.82963156700134;31.165971755981445;246.9956033229828
362475000;216.30035018920898;31.252863883972168;247.55321407318115
363487500;216.78783869743347;31.342329025268555;248.13016772270203
364500000;217.55977153778076;31.426275968551636;248.9860475063324
365512500;218.26151609420776;31.510302782058716;249.77181887626648
366525000;218.8046658039093;31.599608659744263;250.40427446365356
367537500;219.50634360313416;31.685171365737915;251.19151496887207
368550000;220.41601967811584;31.776532649993896;252.19255232810974
369562500;221.1262366771698;31.871665477752686;252.99790215492249
370575000;221.7483184337616;31.96669101715088;253.71500945091248
371587500;222.4551911354065;32.05542969703674;254.51062083244324
372600000;223.0459759235382;32.140568256378174;255.18654417991638
373612500;223.82584857940674;32.22911596298218;256.0549645423889
374625000;224.68047881126404;32.31818866729736;256.9986674785614
375637500;225.3030571937561;32.4026460647583;257.7057032585144
376650000;225.8314814567566;32.4918258190155;258.3233072757721
377662500;226.51756644248962;32.57540416717529;259.0929706096649
378675000;227.3446147441864;32.660629749298096;260.0052444934845
379687500;228.42421960830688;32.74562883377075;261.16984844207764
380700000;229.031503200531;32.83168363571167;261.8631868362427
381712500;229.79970788955688;32.91785717010498;262.71756505966187
382725000;230.5818703174591;33.00379204750061;263.5856623649597
383737500;231.41646814346313;33.08719229698181;264.50366044044495
384750000;232.05510258674622;33.17171931266785;265.22682189941406
385762500;232.5654993057251;33.261491537094116;265.8269908428192
386775000;233.30503964424133;33.34623980522156;266.6512794494629
387787500;233.92307353019714;33.4312744140625;267.35434794425964
388800000;234.42934012413025;33.51606464385986;267.9454047679901
389812500;234.93909573554993;33.60769581794739;268.5467915534973
390825000;235.46295404434204;33.69414305686951;269.15709710121155
391837500;236.13439655303955;33.779603481292725;269.9140000343323
392850000;236.99465823173523;33.87093114852905;270.8655893802643
393862500;237.442058801651;33.96977686882019;271.4118356704712
394875000;238.11113047599792;34.05557441711426;272.1667048931122
395887500;238.66908621788025;34.14337754249573;272.812463760376
396900000;239.63128900527954;34.23223948478699;273.8635284900665
397912500;240.31179451942444;34.32161903381348;274.6334135532379
398925000;241.24204087257385;34.407280921936035;275.6493217945099
399937500;241.69383692741394;34.494752645492554;276.1885895729065
400950000;242.37400841712952;34.57988142967224;276.95388984680176
401962500;242.90386247634888;34.6686851978302;277.5725476741791
402975000;243.56481957435608;34.755282163619995;278.3201017379761
403987500;244.15429139137268;34.841548442840576;278.99583983421326
405000000;244.69156861305237;34.92911744117737;279.62068605422974
406012500;245.25215697288513;35.0171685218811;280.26932549476624
407025000;245.97216892242432;35.09748196601868;281.069650888443
408037500;246.6290271282196;35.18434238433838;281.813369512558
409050000;247.28603887557983;35.26888847351074;282.5549273490906
410062500;247.99678468704224;35.354299545288086;283.3510842323303
411075000;248.72312188148499;35.43938970565796;284.16251158714294
412087500;249.51165008544922;35.52690005302429;285.0385501384735
413100000;250.03542590141296;35.6133451461792;285.64877104759216
414112500;250.49146604537964;35.702155113220215;286.19362115859985
415125000;250.9725980758667;35.79306077957153;286.76565885543823
416137500;251.48811960220337;35.87684082984924;287.3649604320526
417150000;252.07624983787537;35.96186542510986;288.03811526298523
418162500;252.82719445228577;36.0511691570282;288.87836360931396
419175000;253.25685787200928;36.13420867919922;289.3910665512085
420187500;253.71521377563477;36.21577739715576;289.9309911727905
421200000;254.26230120658875;36.30084466934204;290.5631458759308
422212500;255.35938596725464;36.390140533447266;291.7495265007019
423225000;255.83817172050476;36.47723960876465;292.3154113292694
424237500;256.4270088672638;36.56486487388611;292.9918737411499
425250000;256.92630410194397;36.64978742599487;293.57609152793884
426262500;257.75542521476746;36.73220252990723;294.4876277446747
427275000;258.349937915802;36.81547498703003;295.16541290283203
428287500;258.88536977767944;36.906710624694824;295.79208040237427
429300000;259.4854521751404;36.99292302131653;296.4783751964569
430312500;260.07894563674927;37.07704758644104;297.1559932231903
431325000;260.73150277137756;37.16648483276367;297.89798760414124
432337500;261.3766460418701;37.25222301483154;298.62886905670166
433350000;262.01903891563416;37.34163999557495;299.3606789112091
434362500;262.46633863449097;37.427958726882935;299.8942973613739
435375000;263.03739619255066;37.51294422149658;300.55034041404724
436914000;264.3560793399811;37.65489196777344;302.0109713077545
437926500;264.8283522129059;37.760122537612915;302.5884747505188
438939000;265.4850866794586;37.85355615615845;303.33864283561707
439951500;266.3214819431305;37.94980192184448;304.271283864975
440964000;266.94472312927246;38.04840135574341;304.99312448501587
441976500;267.7089898586273;38.14050555229187;305.8494954109192
442989000;268.391405582428;38.23109149932861;306.6224970817566
444001500;268.9992308616638;38.32319164276123;307.32242250442505
445014000;270.1471836566925;38.411328077316284;308.5585117340088
446026500;270.92354130744934;38.49721813201904;309.4207594394684
447039000;271.5173568725586;38.58406209945679;310.1014189720154
448051500;272.30183839797974;38.679014444351196;310.98085284233093
449064000;272.90049290657043;38.76743268966675;311.6679255962372
450076500;273.7923574447632;38.853413343429565;312.64577078819275
451089000;274.53500485420227;38.945677042007446;313.4806818962097
452101500;275.1744296550751;39.032811641693115;314.2072412967682
453114000;275.89651346206665;39.11835241317749;315.01486587524414
454126500;276.4400384426117;39.2050359249115;315.6450743675232
455139000;277.2326247692108;39.28853368759155;316.52115845680237
456151500;278.06612491607666;39.36985969543457;317.43598461151123
457164000;278.6399507522583;39.458757162094116;318.0987079143524
458176500;279.28407192230225;39.547099113464355;318.8311710357666
459189000;279.97164273262024;39.636051416397095;319.60769414901733
460201500;280.9831073284149;39.721619606018066;320.704726934433
461214000;281.7800099849701;39.81031918525696;321.59032917022705
462226500;282.4260573387146;39.89432334899902;322.3203806877136
463239000;283.09835934638977;39.98432445526123;323.082683801651
464251500;283.68607211112976;40.08066463470459;323.76673674583435
465264000;284.3690459728241;40.171648263931274;324.54069423675537
466276500;284.8190188407898;40.260886430740356;325.07990527153015
467289000;285.35776567459106;40.349529504776;325.70729517936707
468301500;286.11154866218567;40.44685983657837;326.55840849876404
469314000;286.6116449832916;40.53813290596008;327.1497778892517
470326500;287.3408727645874;40.6262948513031;327.9671676158905
471339000;288.06172609329224;40.7119300365448;328.77365612983704
472351500;288.72981882095337;40.80077266693115;329.5305914878845
473364000;289.4511592388153;40.89173603057861;330.3428952693939
474376500;289.9944682121277;40.97763657569885;330.97210478782654
475389000;290.55415391921997;41.061790466308594;331.61594438552856
476401500;291.3176214694977;41.14799690246582;332.4656183719635
477414000;292.08714389801025;41.23959279060364;333.3267366886139
478426500;292.7022051811218;41.33414101600647;334.0363461971283
479439000;293.30319142341614;41.419647216796875;334.722838640213
480451500;293.74246764183044;41.50665068626404;335.2491183280945
481464000;294.777987241745;41.59107756614685;336.36906480789185
482476500;295.4597895145416;41.677003145217896;337.1367926597595
483489000;296.30124378204346;41.757286071777344;338.0585298538208
484501500;297.06758975982666;41.84282898902893;338.9104187488556
485514000;297.67579197883606;41.925215005874634;339.6010069847107
486526500;298.6050946712494;42.01584553718567;340.62094020843506
487539000;299.0834002494812;42.099857568740845;341.18325781822205
488551500;299.68015360832214;42.183990478515625;341.86414408683777
489564000;300.64712738990784;42.27202391624451;342.91915130615234
490576500;307.9413709640503;42.368194818496704;350.309565782547
491589000;308.47450613975525;42.456952810287476;350.9314589500427
492601500;308.95889806747437;42.54544448852539;351.50434255599976
493614000;309.58769822120667;42.631945848464966;352.21964406967163
494626500;310.1075813770294;42.72370100021362;352.83128237724304
495639000;310.5192015171051;42.81351828575134;353.33271980285645
496651500;311.10520339012146;42.900160789489746;354.0053641796112
497664000;311.78643774986267;42.99625253677368;354.78269028663635
498676500;312.25731444358826;43.086554765701294;355.34386920928955
499689000;312.79449558258057;43.17597436904907;355.97046995162964
500701500;313.35125398635864;43.26561188697815;356.6168658733368
501714000;313.99822473526;43.356329679489136;357.35455441474915
502726500;314.6726748943329;43.44351124763489;358.1161861419678
503739000;315.21363496780396;43.534069299697876;358.74770426750183
504751500;316.0535042285919;43.6202278137207;359.6737320423126
505764000;316.69428396224976;43.709604024887085;360.40388798713684
506776500;317.42839431762695;43.80370044708252;361.2320947647095
507789000;318.0340347290039;43.88937711715698;361.9234118461609
508801500;318.5694818496704;43.978195905685425;362.54767775535583
509814000;319.2592875957489;44.064475297927856;363.32376289367676
510826500;319.8070640563965;44.15063142776489;363.9576954841614
511839000;320.3252408504486;44.23978018760681;364.5650210380554
512851500;320.8588435649872;44.3283588886261;365.1872024536133
513864000;321.40967321395874;44.41698479652405;365.8266580104828
514876500;322.2844433784485;44.50117540359497;366.78561878204346
515889000;323.4102530479431;44.59314036369324;368.00339341163635
516901500;324.0072522163391;44.67979431152344;368.68704652786255
517914000;324.85726833343506;44.7687509059906;369.62601923942566
518926500;325.35526156425476;44.85585284233093;370.2111144065857
519939000;325.9348478317261;44.94029426574707;370.87514209747314
520951500;326.53130054473877;45.02584362030029;371.55714416503906
521964000;327.2372627258301;45.11050295829773;372.3477656841278
522976500;327.8228008747101;45.1949417591095;373.0177426338196
523989000;328.6044328212738;45.2758002281189;373.8802330493927
525001500;329.61873984336853;45.360984802246094;374.9797246456146
526014000;330.18407940864563;45.449759006500244;375.6338384151459
527026500;330.6819152832031;45.539180755615234;376.22109603881836
528039000;331.5908091068268;45.62667894363403;377.2174880504608
529051500;332.33514976501465;45.71853947639465;378.0536892414093
530064000;333.0215997695923;45.80266880989075;378.82426857948303
531076500;333.60884404182434;45.89058065414429;379.4994246959686
532089000;334.19216299057007;45.971747159957886;380.16391015052795
533101500;334.86011266708374;46.05899167060852;380.91910433769226
534114000;335.3906624317169;46.143627882003784;381.5342903137207
535126500;336.17016792297363;46.23050785064697;382.4006757736206
536139000;336.662859916687;46.32006549835205;382.98292541503906
537151500;337.352352142334;46.41300940513611;383.7653615474701
538164000;337.9428105354309;46.50479984283447;384.4476103782654
539176500;338.486540555954;46.59424328804016;385.08078384399414
540189000;339.0142447948456;46.68173813819885;385.69598293304443
541201500;339.8587694168091;46.77511668205261;386.6338860988617
542214000;340.3546769618988;46.863401889801025;387.21807885169983
543226500;340.85302805900574;46.954039335250854;387.8070673942566
544239000;341.391006231308;47.05459785461426;388.44560408592224
545251500;342.0047287940979;47.14369058609009;389.148419380188
546264000;342.70964646339417;47.236260414123535;389.9459068775177
547276500;343.22205233573914;47.32466006278992;390.54671239852905
548289000;343.85729694366455;47.41090250015259;391.26819944381714
549301500;344.65471053123474;47.50181031227112;392.15652084350586
550314000;345.58311676979065;47.59547209739685;393.1785888671875
551326500;346.2200198173523;47.682371377944946;393.90239119529724
552339000;346.8890278339386;47.770941734313965;394.65996956825256
553351500;347.4299945831299;47.858465909957886;395.28846049308777
554364000;347.91946363449097;47.9467613697052;395.86622500419617
555376500;348.4263243675232;48.035664796829224;396.4619891643524
556389000;349.10574221611023;48.12228560447693;397.22802782058716
557401500;349.8556258678436;48.21208381652832;398.06770968437195
558414000;350.4633913040161;48.30188488960266;398.7652761936188
559426500;351.0526077747345;48.38923096656799;399.4418387413025
560439000;351.6643693447113;48.47697067260742;400.1413400173187
561451500;352.23586893081665;48.55853843688965;400.7944073677063
562464000;352.69872546195984;48.65059781074524;401.3493232727051
563476500;353.25596809387207;48.73339033126831;401.9893584251404
564489000;353.94491815567017;48.82073664665222;402.7656548023224
565501500;354.78718852996826;48.908042907714844;403.6952314376831
566514000;355.69737553596497;48.99050807952881;404.6878836154938
567526500;356.31266951560974;49.07577180862427;405.388441324234
568539000;357.07351183891296;49.15818381309509;406.23169565200806
569551500;357.8087682723999;49.24146842956543;407.05023670196533
570564000;358.6171977519989;49.32695746421814;407.94415521621704
571576500;359.52086567878723;49.415359020233154;408.9362246990204
572589000;360.3120810985565;49.509671449661255;409.8217525482178
573601500;361.11056089401245;49.602481842041016;410.71304273605347
574614000;361.9520437717438;49.68773937225342;411.6397831439972
575626500;362.72816371917725;49.77211236953735;412.5002760887146
576639000;363.66431975364685;49.863354444503784;413.52767419815063
577651500;364.33808064460754;49.953404664993286;414.29148530960083
578664000;364.89060950279236;50.043596267700195;414.93420577049255
579676500;365.674311876297;50.13303089141846;415.80734276771545
580689000;366.25620460510254;50.21510720252991;416.47131180763245
581701500;366.9031193256378;50.30100893974304;417.20412826538086
582714000;367.75379633903503;50.39012050628662;418.14391684532166
583726500;368.26707649230957;50.482303857803345;418.7493803501129
584739000;368.879771232605;50.5714545249939;419.4512257575989
585751500;369.523592710495;50.658321380615234;420.18191409111023
586764000;370.0614492893219;50.74130177497864;420.80275106430054
587776500;370.60684180259705;50.82272720336914;421.4295690059662
588789000;371.1695442199707;50.90718960762024;422.07673382759094
589801500;371.6462984085083;50.99194622039795;422.63824462890625
590814000;372.5178370475769;51.080841064453125;423.59867811203003
591826500;373.4412956237793;51.16885280609131;424.6101484298706
592839000;374.01673555374146;51.26750826835632;425.2842438220978
593851500;374.58814907073975;51.35531044006348;425.9434595108032
594864000;375.26179122924805;51.44478893280029;426.70658016204834
595876500;375.98810291290283;51.53069519996643;427.51879811286926
596889000;376.65052366256714;51.63235068321228;428.2828743457794
597901500;377.5949532985687;51.71959090232849;429.3145442008972
598914000;378.0953848361969;51.81738567352295;429.91277050971985
599926500;378.99088501930237;51.90163445472717;430.89251947402954
600939000;380.0068447589874;52.00173997879028;432.0085847377777
601951500;380.72471714019775;52.092524766922;432.81724190711975
602964000;381.2251980304718;52.18303036689758;433.4082283973694
603976500;382.5317475795746;52.27269101142883;434.8044385910034
604989000;383.47446489334106;52.36242485046387;435.83688974380493
606001500;384.0647683143616;52.45178937911987;436.51655769348145
607014000;384.6756694316864;52.53540372848511;437.2110731601715
608026500;385.36495661735535;52.62268280982971;437.98763942718506
609039000;386.29127621650696;52.71542692184448;439.00670313835144
610051500;386.91648507118225;52.80680751800537;439.7232925891876
611064000;387.59581661224365;52.89736795425415;440.4931845664978
612076500;388.35095405578613;52.98249530792236;441.3334493637085
613089000;388.9908163547516;53.07167601585388;442.06249237060547
614101500;389.93238949775696;53.16245102882385;443.0948405265808
615114000;390.6561133861542;53.25457572937012;443.9106891155243
616126500;391.2494924068451;53.34032106399536;444.58981347084045
617139000;391.99987173080444;53.43060064315796;445.4304723739624
618151500;392.54626202583313;53.526153802871704;446.07241582870483
619164000;393.3400344848633;53.636099338531494;446.9761338233948
620176500;393.9837899208069;53.72646689414978;447.71025681495667
621189000;394.55449318885803;53.81512427330017;448.3696174621582
622201500;395.43832421302795;53.90366792678833;449.3419921398163
623214000;396.2144820690155;53.99217486381531;450.2066569328308
624226500;396.9222445487976;54.08453941345215;451.00678396224976
625239000;397.59596037864685;54.17398929595947;451.7699496746063
626251500;398.1040070056915;54.26299333572388;452.3670003414154
627264000;398.88587951660156;54.35241961479187;453.23829913139343
628276500;399.35989451408386;54.438555002212524;453.7984495162964
629289000;400.16115522384644;54.528104066848755;454.6892592906952
630301500;400.7714340686798;54.611586570739746;455.38302063941956
631314000;401.5996103286743;54.70030117034912;456.29991149902344
632326500;402.16512393951416;54.78749203681946;456.9526159763336
633339000;402.66964650154114;54.880112409591675;457.5497589111328
634351500;403.50786900520325;54.965606689453125;458.4734756946564
635364000;404.1825752258301;55.049696922302246;459.2322721481323
636376500;404.81358575820923;55.136993646621704;459.95057940483093
637389000;405.5590054988861;55.23324966430664;460.79225516319275
638401500;406.03877329826355;55.33237934112549;461.37115263938904
639414000;406.62921953201294;55.4216423034668;462.05086183547974
640426500;407.39917969703674;55.510759353637695;462.90993905067444
641439000;408.05513048171997;55.599212408065796;463.65434288978577
642451500;408.589613199234;55.684789419174194;464.2744026184082
643464000;409.2706882953644;55.77348780632019;465.04417610168457
644476500;409.8343505859375;55.856247663497925;465.6905982494354
645489000;410.4037821292877;55.94392251968384;466.34770464897156
646501500;411.18842244148254;56.03369474411011;467.22211718559265
647514000;411.7072594165802;56.124626874923706;467.8318862915039
648526500;412.5137746334076;56.21304988861084;468.72682452201843
649539000;413.13992261886597;56.302531480789185;469.44245409965515
650551500;413.9658761024475;56.40201377868652;470.36788988113403
651564000;414.6582524776459;56.492645025253296;471.15089750289917
652576500;415.1533434391022;56.58106970787048;471.73441314697266
653589000;415.92725110054016;56.67110514640808;472.59835624694824
654601500;416.7227165699005;56.76164269447327;473.4843592643738
655614000;417.17220163345337;56.85270166397095;474.0249032974243
656626500;417.7768681049347;56.94328236579895;474.72015047073364
657639000;418.5269510746002;57.03114581108093;475.55809688568115
658651500;419.0215792655945;57.12452721595764;476.1461064815521
659664000;419.57584977149963;57.21437096595764;476.7902207374573
660676500;420.1803195476532;57.30096745491028;477.4812870025635
661689000;420.8652355670929;57.38932013511658;478.2545557022095
662701500;421.3413438796997;57.476781606674194;478.8181254863739
663714000;422.3782856464386;57.56288957595825;479.94117522239685
664726500;423.19584107398987;57.65871500968933;480.8545560836792
665739000;423.96392488479614;57.750704288482666;481.7146291732788
666751500;424.7842028141022;57.84967660903931;482.6338794231415
667764000;425.5379605293274;57.93823838233948;483.47619891166687
668776500;426.31533122062683;58.02623891830444;484.3415701389313
669789000;426.766761302948;58.118775844573975;484.885537147522
670801500;427.6407263278961;58.21450662612915;485.85523295402527
671814000;428.2181034088135;58.30336570739746;486.52146911621094
672826500;429.1808521747589;58.39604425430298;487.5768964290619
673839000;429.9481680393219;58.48156452178955;488.42973256111145
674851500;430.45974707603455;58.56803560256958;489.0277826786041
675864000;430.95467734336853;58.659467697143555;489.6141450405121
676876500;431.6343357563019;58.7499475479126;490.3842833042145
677889000;432.1327440738678;58.834773778915405;490.9675178527832
678901500;432.6466393470764;58.927000999450684;491.5736403465271
679914000;433.1467638015747;59.020363092422485;492.1671268939972
680926500;433.7294578552246;59.11010503768921;492.8395628929138
681939000;434.43404173851013;59.20478820800781;493.63882994651794
682951500;434.9077892303467;59.28878378868103;494.1965730190277
683964000;435.3509957790375;59.38145637512207;494.73245215415955
684976500;435.90932297706604;59.46302771568298;495.372350692749
685989000;436.51522421836853;59.54804587364197;496.0632700920105
687001500;437.23868894577026;59.63229823112488;496.87098717689514
688014000;437.73313188552856;59.713183879852295;497.44631576538086
689026500;438.43595123291016;59.80575203895569;498.24170327186584
690039000;438.9291260242462;59.8940052986145;498.8231313228607
691051500;439.5289399623871;59.98509407043457;499.51403403282166
692064000;440.02726793289185;60.06941246986389;500.09668040275574
693076500;440.60159039497375;60.15880632400513;500.7603967189789
694089000;441.2547433376312;60.244279623031616;501.49902296066284
695101500;442.0527672767639;60.33148717880249;502.3842544555664
696114000;442.65488266944885;60.41771697998047;503.0725996494293
697126500;443.24315667152405;60.50579047203064;503.7489471435547
698139000;443.8497037887573;60.593348026275635;504.44305181503296
699151500;444.32063579559326;60.67723083496094;504.9978666305542
700164000;444.82240176200867;60.76380777359009;505.58620953559875
701176500;445.2957956790924;60.847792625427246;506.14358830451965
702189000;446.0197722911835;60.942028760910034;506.9618010520935
703201500;446.7193167209625;61.03911757469177;507.7584342956543
704214000;447.5289058685303;61.12731313705444;508.6562190055847
705226500;448.1213188171387;61.21236991882324;509.3336887359619
706239000;448.5780313014984;61.297629833221436;509.87566113471985
707251500;449.34538865089417;61.38431715965271;510.7297058105469
708264000;449.7824263572693;61.473793506622314;511.2562198638916
709276500;450.35818099975586;61.56355905532837;511.92174005508423
710289000;451.03563475608826;61.65510129928589;512.6907360553741
711301500;451.55122542381287;61.741238832473755;513.2924642562866
712314000;452.0585923194885;61.82770276069641;513.8862950801849
713326500;452.80505990982056;61.911174058914185;514.7162339687347
714339000;453.2856035232544;61.99908757209778;515.2846910953522
715351500;453.9518003463745;62.08897829055786;516.0407786369324
716364000;454.7964735031128;62.179638624191284;516.9761121273041
717376500;455.3258533477783;62.26960229873657;517.5954556465149
718389000;456.05118107795715;62.35641622543335;518.4075973033905
719401500;456.878103017807;62.44456100463867;519.3226640224457
720414000;457.42802262306213;62.5305278301239;519.958550453186
721426500;458.296879529953;62.61959671974182;520.9164762496948
722439000;458.74406266212463;62.702401876449585;521.4464645385742
723451500;459.41470527648926;62.78712844848633;522.2018337249756
724464000;460.0784070491791;62.87406349182129;522.9524705410004
725476500;460.75373244285583;62.96044993400574;523.7141823768616
726489000;461.4204547405243;63.048755407333374;524.4692101478577
727501500;462.2447819709778;63.134833574295044;525.3796155452728
728514000;462.9200105667114;63.2203323841095;526.1403429508209
729526500;463.80386328697205;63.31411695480347;527.1179802417755
730539000;464.37407422065735;63.40396165847778;527.7780358791351
731551500;465.0850417613983;63.494248151779175;528.5792899131775
732564000;465.63047790527344;63.583597898483276;529.2140758037567
733576500;466.4668724536896;63.67108154296875;530.1379539966583
734589000;467.0844314098358;63.75690221786499;530.8413336277008
735601500;467.7109184265137;63.842609167099;531.5535275936127
736614000;468.5995240211487;63.929935932159424;532.5294599533081
737626500;469.39341473579407;64.01645541191101;533.4098701477051
738639000;469.9211494922638;64.10605382919312;534.0272033214569
739651500;470.5832169055939;64.19544315338135;534.7786600589752
740664000;471.17474460601807;64.28414344787598;535.458888053894
741676500;471.93230843544006;64.37926197052002;536.3115704059601
742689000;472.57621693611145;64.47085928916931;537.0470762252808
743701500;473.186119556427;64.56221652030945;537.7483360767365
744714000;473.89808416366577;64.65035247802734;538.5484366416931
745726500;474.50662064552307;64.74195718765259;539.2485778331757
746739000;475.11588525772095;64.8368456363678;539.9527308940887
747751500;475.6734428405762;64.92730045318604;540.6007432937622
748764000;476.40119314193726;65.02357912063599;541.4247722625732
749776500;477.224246263504;65.11845183372498;542.342698097229
750789000;477.79912853240967;65.21041679382324;543.0095453262329
751801500;478.4231221675873;65.30578017234802;543.7289023399353
752814000;479.25354051589966;65.38956212997437;544.643102645874
753826500;479.96274995803833;65.4695053100586;545.4322552680969
754839000;480.55838227272034;65.55537962913513;546.1137619018555
755851500;481.37508273124695;65.64051628112793;547.0155990123749
756864000;482.320773601532;65.71381139755249;548.0345849990845
758889000;483.41402792930603;65.84768915176392;549.26171708107
759901500;483.8849935531616;65.92091131210327;549.8059048652649
760914000;484.57565212249756;65.996755361557;550.5724074840546
761926500;485.34771060943604;66.08713102340698;551.434841632843
762939000;485.9559326171875;66.17338562011719;552.1293182373047
763951500;486.5410096645355;66.28347396850586;552.8244836330414
764964000;487.50159645080566;66.36940431594849;553.8710007667542
765976500;488.2365779876709;66.4558687210083;554.6924467086792
766989000;488.8268578052521;66.54546284675598;555.372320652008
768001500;489.3858549594879;66.63099527359009;556.016850233078
769014000;489.878027677536;66.71631908416748;556.5943467617035
770026500;490.6265354156494;66.81975793838501;557.4462933540344
771039000;491.21326541900635;66.92665457725525;558.1399199962616
772051500;492.10536456108093;67.0318112373352;559.1371757984161
773064000;492.6924662590027;67.11996173858643;559.8124279975891
774076500;493.39230394363403;67.20674705505371;560.5990509986877
775089000;493.8032166957855;67.28691935539246;561.090136051178
776101500;494.4185240268707;67.3733458518982;561.7918698787689
777114000;495.263475894928;67.45858216285706;562.722058057785
778126500;495.987016916275;67.54487752914429;563.5318944454193
779139000;496.6772916316986;67.63150691986084;564.3087985515594
780151500;497.298122882843;67.72120666503906;565.0193295478821
781164000;498.08725094795227;67.80795359611511;565.8952045440674
782176500;498.7250728607178;67.89746284484863;566.6225357055664
783189000;499.20928835868835;67.98464822769165;567.19393658638
784201500;499.7715587615967;68.07438063621521;567.8459393978119
785214000;500.2421929836273;68.16455125808716;568.4067442417145
786226500;500.8537700176239;68.24884963035583;569.1026196479797
787239000;501.45360589027405;68.33523511886597;569.78884100914
788251500;501.98360991477966;68.41742444038391;570.4010343551636
789264000;502.738653421402;68.50142741203308;571.2400808334351
790276500;503.3551321029663;68.5858314037323;571.9409635066986
791289000;503.8293924331665;68.67780423164368;572.5071966648102
792301500;504.2521686553955;68.76314091682434;573.0153095722198
793314000;505.0426948070526;68.84896850585938;573.891663312912
794326500;505.79219603538513;68.93614625930786;574.728342294693
795339000;506.2124719619751;69.02392101287842;575.2363929748535
796351500;506.8065347671509;69.11084270477295;575.9173774719238
797364000;507.49514174461365;69.19549679756165;576.6906385421753
798376500;508.520800113678;69.28452444076538;577.8053245544434
799389000;509.54632115364075;69.37189030647278;578.9182114601135
800401500;510.1489589214325;69.45628094673157;579.6052398681641
801414000;510.63722229003906;69.53938007354736;580.1766023635864
802426500;511.2175872325897;69.62889957427979;580.8464868068695
803439000;512.0818085670471;69.71488237380981;581.7966909408569
804451500;512.6334640979767;69.80441737174988;582.4378814697266
805464000;513.3933033943176;69.885427236557;583.2787306308746
806476500;514.2686381340027;69.97331428527832;584.241952419281
807489000;514.828275680542;70.05851030349731;584.8867859840393
808501500;515.3217594623566;70.1459972858429;585.4677567481995
809514000;515.8844048976898;70.23033452033997;586.1147394180298
810526500;516.3942596912384;70.32574129104614;586.7200009822845
811539000;517.3069498538971;70.40667963027954;587.7136294841766
812551500;517.7586798667908;70.49383974075317;588.252519607544
813564000;518.561262845993;70.5768723487854;589.1381351947784
814576500;519.0313913822174;70.66971826553345;589.7011096477509
815589000;519.6588127613068;70.74932217597961;590.4081349372864
816601500;520.2243015766144;70.82632350921631;591.0506250858307
817614000;520.9531307220459;70.91486048698425;591.8679912090302
818626500;521.4874079227448;70.99319100379944;592.4805989265442
819639000;522.1018509864807;71.0662088394165;593.1680598258972
820651500;522.5935945510864;71.14529061317444;593.7388851642609
821664000;523.1395061016083;71.24061870574951;594.3801248073578
822676500;523.6236884593964;71.32264804840088;594.9463365077972
823689000;524.225207567215;71.4098916053772;595.6350991725922
824701500;524.8321685791016;71.50295877456665;596.3351273536682
825714000;525.598292350769;71.58895087242126;597.1872432231903
826726500;526.1986045837402;71.6798312664032;597.8784358501434
827739000;527.0678722858429;71.76337933540344;598.8312516212463
828751500;527.5479011535645;71.8494644165039;599.3973655700684
829764000;528.1863117218018;71.93954062461853;600.1258523464203
830776500;528.7117991447449;72.03168249130249;600.7434816360474
831789000;529.2121117115021;72.11252999305725;601.3246417045593
832801500;529.8812441825867;72.20455932617188;602.0858035087585
833814000;530.3283684253693;72.28766465187073;602.61603307724
834826500;530.9412968158722;72.37387156486511;603.3151683807373
835839000;531.8423528671265;72.46600127220154;604.308354139328
836851500;532.5498695373535;72.55853533744812;605.1084048748016
837864000;533.2352805137634;72.64519190788269;605.8804724216461
838876500;533.9847738742828;72.73595118522644;606.7207250595093
839889000;534.6023540496826;72.82788729667664;607.4302413463593
840901500;535.22083568573;72.91603755950928;608.1368732452393
841914000;535.7661600112915;73.0028190612793;608.7689790725708
842926500;536.4492135047913;73.09460258483887;609.5438160896301
843939000;537.4175758361816;73.18347096443176;610.6010468006134
844951500;537.9634816646576;73.27316999435425;611.2366516590118
845964000;538.5385041236877;73.35878300666809;611.8972871303558
846976500;539.147323846817;73.45063376426697;612.597957611084
847989000;539.7204303741455;73.54812598228455;613.26855635643
849001500;540.3392376899719;73.63148164749146;613.9707193374634
850014000;540.830712556839;73.71661376953125;614.5473263263702
851026500;541.5129566192627;73.79904365539551;615.3120002746582
852039000;542.1222224235535;73.88662719726562;616.0088496208191
853051500;542.8124566078186;73.97408723831177;616.7865438461304
854064000;543.35258436203;74.0669755935669;617.4195599555969
855076500;543.8296899795532;74.1566858291626;617.9863758087158
856089000;544.323632478714;74.24937081336975;618.5730032920837
857101500;544.872053861618;74.33352661132812;619.2055804729462
858114000;545.3161466121674;74.42045545578003;619.7366020679474
859126500;545.7587094306946;74.52101397514343;620.279723405838
860139000;546.4670782089233;74.61315894126892;621.0802371501923
861151500;547.0224328041077;74.70403790473938;621.726470708847
862164000;547.6866164207458;74.79231095314026;622.4789273738861
863176500;548.2260634899139;74.88530540466309;623.111368894577
864189000;548.918482542038;74.97263884544373;623.8911213874817
865201500;549.5674757957458;75.06516766548157;624.6326434612274
866214000;550.427232503891;75.14524126052856;625.5724737644196
867226500;550.956348657608;75.22521257400513;626.1815612316132
868239000;551.7418975830078;75.30622053146362;627.0481181144714
869251500;552.4020819664001;75.38996434211731;627.7920463085175
870264000;553.0262303352356;75.47570514678955;628.5019354820251
871276500;553.7548830509186;75.56079435348511;629.3156774044037
872289000;554.1906704902649;75.63173913955688;629.8224096298218
873301500;554.7779560089111;75.70372271537781;630.4816787242889
874314000;555.2528250217438;75.78355550765991;631.0363805294037
875326500;555.8006160259247;75.866868019104;631.6674840450287
876339000;556.2616486549377;75.94432759284973;632.2059762477875
877351500;556.8463582992554;76.0299620628357;632.8763203620911
878364000;557.6210317611694;76.11500334739685;633.7360351085663
879376500;558.2380661964417;76.19817566871643;634.4362418651581
880389000;558.8110609054565;76.28026986122131;635.0913307666779
881401500;559.6469008922577;76.36818718910217;636.0150880813599
882414000;560.2670702934265;76.45151424407959;636.7185845375061
883426500;560.8368287086487;76.53364562988281;637.3704743385315
884439000;561.3229403495789;76.62297582626343;637.9459161758423
885451500;561.9830930233002;76.70775413513184;638.690847158432
886464000;562.5687410831451;76.79069185256958;639.3594329357147
887476500;563.3136215209961;76.88180303573608;640.1954245567322
888489000;563.892406463623;76.96531677246094;640.857723236084
889501500;564.6172904968262;77.04942917823792;641.6667196750641
890514000;565.5948252677917;77.13919234275818;642.7340176105499
891526500;566.3123984336853;77.2288429737091;643.5412414073944
892539000;566.9576404094696;77.31465864181519;644.2722990512848
893551500;567.4645276069641;77.3996000289917;644.8641276359558
894564000;568.0141272544861;77.48789477348328;645.5020220279694
895576500;568.6948175430298;77.57384252548218;646.268660068512
896589000;569.6732506752014;77.65727376937866;647.3305244445801
897601500;570.4891986846924;77.74382424354553;648.2330229282379
898614000;571.0240151882172;77.82545590400696;648.8494710922241
899626500;571.5100603103638;77.91272139549255;649.4227817058563
900639000;571.9196252822876;77.99668312072754;649.9163084030151
901651500;572.7655618190765;78.08649826049805;650.8520600795746
902664000;573.6568565368652;78.1805624961853;651.8374190330505
903676500;574.2415978908539;78.26019382476807;652.501791715622
904689000;574.8945534229279;78.34581351280212;653.24036693573
905701500;575.4977192878723;78.42816519737244;653.9258844852448
906714000;576.1944110393524;78.51362562179565;654.7080366611481
907726500;576.7153115272522;78.59651684761047;655.3118283748627
908739000;577.4534523487091;78.6814877986908;656.1349401473999
909751500;578.0902767181396;78.77208685874939;656.862363576889
910764000;578.8172726631165;78.85488939285278;657.6721620559692
911776500;579.2990527153015;78.95103859901428;658.2500913143158
912789000;579.8016276359558;79.03943419456482;658.8410618305206
913801500;580.3516612052917;79.12809991836548;659.4797611236572
914814000;580.9669253826141;79.21478462219238;660.1817100048065
915826500;581.737012386322;79.3025975227356;661.0396099090576
916839000;582.4048161506653;79.39356708526611;661.7983832359314
917851500;582.885745048523;79.47233724594116;662.3580822944641
918864000;583.733989238739;79.55109763145447;663.2850868701935
919876500;584.6934444904327;79.62895822525024;664.322402715683
920889000;585.5092182159424;79.71305012702942;665.2222683429718
921901500;586.0329918861389;79.79228520393372;665.8252770900726
922914000;586.5622320175171;79.8701434135437;666.4323754310608
923926500;587.0464770793915;79.95504355430603;667.0015206336975
924939000;587.6290647983551;80.03521585464478;667.6642806529999
925951500;588.2449469566345;80.11603116989136;668.3609781265259
926964000;588.7379367351532;80.20098805427551;668.9389247894287
927976500;589.2239851951599;80.28233814239502;669.5063233375549
928989000;590.0488665103912;80.36639332771301;670.4152598381042
930001500;590.8580796718597;80.44983172416687;671.3079113960266
931014000;591.4376971721649;80.53278684616089;671.9704840183258
932026500;592.2207567691803;80.6160318851471;672.8367886543274
933039000;592.9568955898285;80.70607113838196;673.6629667282104
934051500;593.4335014820099;80.78899955749512;674.222501039505
935064000;593.9365367889404;80.86988472938538;674.8064215183258
936076500;594.5218453407288;80.95356798171997;675.4754133224487
937089000;595.0691432952881;81.04312992095947;676.1122732162476
938101500;595.9026348590851;81.12953281402588;677.032167673111
939114000;596.4854655265808;81.21826481819153;677.7037303447723
940126500;597.0844774246216;81.30154991149902;678.3860273361206
941139000;598.0618262290955;81.38706922531128;679.4488954544067
942151500;598.6968047618866;81.47105407714844;680.167858839035
943164000;599.1413686275482;81.55740904808044;680.6987776756287
944176500;599.8783106803894;81.65219235420227;681.5305030345917
945189000;600.7996292114258;81.73645067214966;682.5360798835754
946201500;601.3396861553192;81.83783960342407;683.1775257587433
947214000;601.995621919632;81.91734766960144;683.9129695892334
948226500;602.5599315166473;82.00148630142212;684.5614178180695
949239000;603.2387750148773;82.08732438087463;685.326099395752
950251500;603.8661589622498;82.17178630828857;686.0379452705383
951264000;604.446099281311;82.2559711933136;686.7020704746246
952276500;604.9964098930359;82.33783435821533;687.3342442512512
953289000;605.4921567440033;82.41800427436829;687.9101610183716
954301500;606.4146211147308;82.50529026985168;688.9199113845825
955314000;607.174323797226;82.60643553733826;689.7807593345642
956326500;607.6794853210449;82.69537329673767;690.3748586177826
957339000;608.3966519832611;82.7848289012909;691.181480884552
958351500;608.9560339450836;82.86662459373474;691.8226585388184
959364000;609.4998145103455;82.97661137580872;692.4764258861542
960376500;610.0909235477448;83.0599000453949;693.1508235931396
961389000;610.7519617080688;83.14622259140015;693.898184299469
962401500;611.2265841960907;83.23341631889343;694.4600005149841
963414000;611.8909261226654;83.31960797309875;695.2105340957642
964426500;612.8367280960083;83.41052675247192;696.2472548484802
965439000;613.4978702068329;83.49793124198914;696.995801448822
966451500;614.0318777561188;83.58478713035583;697.6166648864746
967464000;614.5043067932129;83.67048525810242;698.1747920513153
968476500;614.9525690078735;83.75000047683716;698.7025694847107
969489000;615.7067461013794;83.83448767662048;699.5412337779999
970501500;616.4895288944244;83.91705346107483;700.4065823554993
971514000;617.0834996700287;84.00042700767517;701.0839266777039
972526500;617.9432654380798;84.08394980430603;702.0272152423859
973539000;618.8339757919312;84.1732804775238;703.007256269455
974551500;619.5198564529419;84.26879572868347;703.7886521816254
975564000;620.0128901004791;84.36346864700317;704.3763587474823
976576500;620.4957315921783;84.4491753578186;704.944906949997
977589000;621.0074918270111;84.53853440284729;705.5460262298584
978601500;621.7939374446869;84.63810276985168;706.4320402145386
979614000;622.2987580299377;84.73388957977295;707.0326476097107
980626500;622.8297989368439;84.82502293586731;707.6548218727112
981639000;623.4307363033295;84.91976475715637;708.3505010604858
982651500;623.9198694229126;85.0062108039856;708.9260802268982
983664000;624.7043483257294;85.09309267997742;709.7974410057068
984676500;625.177562713623;85.17888832092285;710.3564510345459
985689000;626.0198419094086;85.2682535648346;711.2880954742432
986701500;626.6855602264404;85.35605049133301;712.0416107177734
987714000;627.2835564613342;85.44741463661194;712.7309710979462
988726500;627.8750927448273;85.53397965431213;713.4090723991394
989739000;628.4191584587097;85.62008333206177;714.0392417907715
990751500;628.8781225681305;85.70855021476746;714.586672782898
991764000;629.4174475669861;85.7996973991394;715.2171449661255
992776500;630.0008745193481;85.88708829879761;715.8879628181458
993789000;630.6047236919403;85.97705364227295;716.5817773342133
994801500;631.2205135822296;86.06288051605225;717.2833940982819
995814000;631.7456121444702;86.1449191570282;717.8905313014984
996826500;632.5894267559052;86.23385262489319;718.8232793807983
997839000;633.3619017601013;86.31891298294067;719.680814743042
998851500;633.8374714851379;86.40928244590759;720.2467539310455
999864000;634.4344415664673;86.49975967407227;720.9342012405396
1000876500;634.9221799373627;86.58705139160156;721.5092313289642
1001889000;635.3895926475525;86.68354320526123;722.0731358528137
1002901500;635.8258364200592;86.77614903450012;722.6019854545593
1003914000;636.5442881584167;86.86621356010437;723.4105017185211
1004926500;637.0072309970856;86.95959091186523;723.9668219089508
1005939000;637.7617053985596;87.04288125038147;724.804586648941
1006951500;638.5525107383728;87.12763738632202;725.6801481246948
1007964000;639.1574597358704;87.21896862983704;726.3764283657074
1008976500;639.7079751491547;87.3115701675415;727.0195453166962
1009989000;640.2535979747772;87.4002137184143;727.6538116931915
1011001500;640.9830157756805;87.48916745185852;728.4721832275391
1012014000;641.6886384487152;87.57911586761475;729.26775431633
1013026500;642.1904129981995;87.6632285118103;729.8536415100098
1014039000;642.6052010059357;87.74747967720032;730.352680683136
1015051500;643.2496366500854;87.8299503326416;731.079586982727
1016064000;643.8972678184509;87.91462707519531;731.8118948936462
1017076500;644.3717420101166;87.99885940551758;732.3706014156342
1018089000;645.0819721221924;88.08545351028442;733.1674256324768
1019101500;645.8137621879578;88.16787242889404;733.9816346168518
1020114000;646.334180355072;88.25800108909607;734.5921814441681
1021126500;646.9587125778198;88.34904432296753;735.3077569007874
1022139000;647.4963824748993;88.43843579292297;735.9348182678223
1023151500;647.9650521278381;88.52726316452026;736.4923152923584
1024164000;648.601654291153;88.61806654930115;737.2197208404541
1025176500;649.4615068435669;88.7037148475647;738.1652216911316
1026189000;649.9988341331482;88.78991627693176;738.78875041008
1027201500;650.6383037567139;88.8781213760376;739.5164251327515
1028214000;651.2072694301605;88.96339130401611;740.1706607341766
1029226500;651.7709276676178;89.04794263839722;740.818870306015
1030239000;652.4261906147003;89.1396918296814;741.5658824443817
1031251500;653.009251832962;89.23853492736816;742.2477867603302
1032264000;653.6669476032257;89.32539558410645;742.9923431873322
1033276500;654.300938129425;89.4168028831482;743.7177410125732
1034289000;654.8649528026581;89.50791954994202;744.3728723526001
1035301500;655.4756605625153;89.60257649421692;745.0782370567322
1036314000;656.365743637085;89.70044207572937;746.0661857128143
1037326500;657.054957151413;89.79406118392944;746.8490183353424
1038339000;657.822521686554;89.8828592300415;747.7053809165955
1039351500;658.315869808197;89.97484540939331;748.2907152175903
1040364000;658.8343534469604;90.05944299697876;748.8937964439392
1041376500;659.3796229362488;90.14685702323914;749.5264799594879
1042389000;659.9515347480774;90.23686838150024;750.1884031295776
1043401500;660.9286739826202;90.32623362541199;751.2549076080322
1044414000;661.5456030368805;90.41302967071533;751.9586327075958
1045426500;661.9470791816711;90.49871635437012;752.4457955360413
1046439000;662.4872949123383;90.58761644363403;753.0749113559723
1047451500;663.4794182777405;90.67451024055481;754.1539285182953
1048464000;663.9244892597198;90.76267719268799;754.6871664524078
1049476500;664.6238667964935;90.85118293762207;755.4750497341156
1050489000;665.2598798274994;90.93996143341064;756.19984126091
1051501500;665.8906648159027;91.02745628356934;756.918121099472
1052514000;666.6813452243805;91.11315536499023;757.7945005893707
1053526500;667.1457622051239;91.20157361030579;758.3473358154297
1054539000;667.6255886554718;91.28829550743103;758.9138841629028
1055551500;668.2078239917755;91.37536144256592;759.5831854343414
1056564000;668.6923823356628;91.46254634857178;760.1549286842346
1057576500;669.4137554168701;91.54408860206604;760.9578440189362
1058589000;669.9366462230682;91.63364624977112;761.5702924728394
1059601500;670.4365077018738;91.71830940246582;762.1548171043396
1059601500;670.4365077018738;91.71830940246582;762.1548171043396
